State,District,Area,Link
Penang,Georgetown,Gurney Drive,https://www.propertyguru.com.my/property-listing/gurney-park-condominium-for-sale-by-charles-chaw-33325271
Penang,Georgetown,Gurney Drive,https://www.propertyguru.com.my/property-listing/gurney-park-condominium-for-sale-by-alisson-chew-33187010
Penang,Georgetown,Gurney Drive,https://www.propertyguru.com.my/property-listing/gurney-paragon-for-sale-by-sam-kam-30221498
Penang,Georgetown,Gurney Drive,https://www.propertyguru.com.my/property-listing/gurney-paragon-for-sale-by-annie-oung-30384464
Penang,Georgetown,Gurney Drive,https://www.propertyguru.com.my/property-listing/the-regency-for-sale-by-sam-kam-30221597
Penang,Georgetown,Gurney Drive,https://www.propertyguru.com.my/property-listing/gurney-park-condominium-for-sale-by-elaine-yeoh-33214660
Penang,Georgetown,Gurney Drive,https://www.propertyguru.com.my/property-listing/gurney-paragon-for-sale-by-elaine-yeoh-31754083
Penang,Georgetown,Gurney Drive,https://www.propertyguru.com.my/property-listing/gurney-park-condominium-for-sale-by-tan-33326938
Penang,Georgetown,Gurney Drive,https://www.propertyguru.com.my/property-listing/gurney-park-condominium-for-sale-by-elaine-yeoh-31813171
Penang,Georgetown,Gurney Drive,https://www.propertyguru.com.my/property-listing/gurney-park-condominium-for-sale-by-elaine-yeoh-33206609
Penang,Georgetown,Gurney Drive,https://www.propertyguru.com.my/property-listing/gurney-park-condominium-for-sale-by-elaine-yeoh-31761663
Penang,Georgetown,Gurney Drive,https://www.propertyguru.com.my/property-listing/gurney-park-condominium-for-sale-by-elaine-yeoh-31813216
Penang,Georgetown,Gurney Drive,https://www.propertyguru.com.my/property-listing/gurney-park-condominium-for-sale-by-elaine-yeoh-32384483
Penang,Georgetown,Gurney Drive,https://www.propertyguru.com.my/property-listing/2-5-storey-bungalow-gurney-pulau-tikus-for-sale-by-ronald-ng-31965288
Penang,Georgetown,Gurney Drive,https://www.propertyguru.com.my/property-listing/gurney-paragon-condominium-4cp-gurney-georgetown-for-sale-by-ronald-ng-31253449
Penang,Georgetown,Gurney Drive,https://www.propertyguru.com.my/property-listing/double-storey-commercial-semi-detached-gurney-for-sale-by-ronald-ng-29718906
Penang,Georgetown,Gurney Drive,https://www.propertyguru.com.my/property-listing/gurney-paragon-for-sale-by-ronald-ng-29538035
Penang,Georgetown,Gurney Drive,https://www.propertyguru.com.my/property-listing/silverton-condominium-for-sale-by-ronald-ng-28425452
Penang,Georgetown,Gurney Drive,https://www.propertyguru.com.my/property-listing/gurney-beach-resort-for-sale-by-joshua-cheah-10281248
Penang,Georgetown,Gurney Drive,https://www.propertyguru.com.my/property-listing/gurney-paragon-for-sale-by-sylvia-yeoh-32962803
Penang,Georgetown,Gurney Drive,https://www.propertyguru.com.my/property-listing/best-buy-2-storey-terrace-corner-3000-sq-ft-gurney-drive-pulau-tikus-for-sale-by-charles-chaw-33084979
Penang,Georgetown,Gurney Drive,https://www.propertyguru.com.my/property-listing/gerbang-edgecumbe-for-sale-by-khoo-31487117
Penang,Georgetown,Gurney Drive,https://www.propertyguru.com.my/property-listing/gurney-paragon-for-sale-by-welson-teh-29042590
Penang,Georgetown,Gurney Drive,https://www.propertyguru.com.my/property-listing/gurney-paragon-for-sale-by-welson-teh-32683667
Penang,Georgetown,Gurney Drive,https://www.propertyguru.com.my/property-listing/gurney-park-condominium-for-sale-by-bryan-h-ng-32518302
Penang,Georgetown,Gurney Drive,https://www.propertyguru.com.my/property-listing/gurney-park-condominium-for-sale-by-bryan-h-ng-32169158
Penang,Georgetown,Gurney Drive,https://www.propertyguru.com.my/property-listing/gurney-park-condominium-for-sale-by-bryan-h-ng-29363016
Penang,Georgetown,Gurney Drive,https://www.propertyguru.com.my/property-listing/gurney-park-condominium-for-sale-by-bryan-h-ng-29560582
Penang,Georgetown,Gurney Drive,https://www.propertyguru.com.my/property-listing/gurney-park-condominium-for-sale-by-bryan-h-ng-32396128
Penang,Georgetown,Gurney Drive,https://www.propertyguru.com.my/property-listing/gurney-beach-resort-for-sale-by-annie-oung-1535777
Penang,Georgetown,Gurney Drive,https://www.propertyguru.com.my/property-listing/the-looc-residence-for-sale-by-annie-oung-17799533
Penang,Georgetown,Gurney Drive,https://www.propertyguru.com.my/property-listing/gurney-park-condominium-for-sale-by-kaze-kang-33259360
Penang,Georgetown,Gurney Drive,https://www.propertyguru.com.my/property-listing/2-storey-semi-d-at-tanjung-tokong-for-sale-by-adrian-choo-32236927
Penang,Georgetown,Gurney Drive,https://www.propertyguru.com.my/property-listing/gurney-park-condominium-for-sale-by-tan-33315345
Penang,Georgetown,Gurney Drive,https://www.propertyguru.com.my/property-listing/the-regency-for-sale-by-kk-kwok-30091433
Penang,Georgetown,Gurney Drive,https://www.propertyguru.com.my/property-listing/the-regency-for-sale-by-kk-kwok-24429242
Penang,Georgetown,Gurney Drive,https://www.propertyguru.com.my/property-listing/gurney-paragon-for-sale-by-jeanette-hee-32431572
Penang,Georgetown,Gurney Drive,https://www.propertyguru.com.my/property-listing/the-regency-for-sale-by-serena-tan-29967632
Penang,Georgetown,Gurney Drive,https://www.propertyguru.com.my/property-listing/the-regency-for-sale-by-billy-teh-32336377
Penang,Georgetown,Gurney Drive,https://www.propertyguru.com.my/property-listing/gurney-park-condominium-for-sale-by-austin-ooi-32555074
Penang,Georgetown,Gurney Drive,https://www.propertyguru.com.my/property-listing/gurney-paragon-for-sale-by-joshua-cheah-30610300
Penang,Georgetown,Gurney Drive,https://www.propertyguru.com.my/property-listing/gurney-paragon-for-sale-by-joshua-cheah-10496957
Penang,Georgetown,Gurney Drive,https://www.propertyguru.com.my/property-listing/the-regency-for-sale-by-rick-goh-32269054
Penang,Georgetown,Gurney Drive,https://www.propertyguru.com.my/property-listing/gurney-park-condominium-for-sale-by-tan-33303956
Penang,Georgetown,Gurney Drive,https://www.propertyguru.com.my/property-listing/gurney-paragon-for-sale-by-kenneth-kung-33271816
Penang,Georgetown,Gurney Drive,https://www.propertyguru.com.my/property-listing/gurney-paragon-for-sale-by-kenneth-kung-33271852
Penang,Georgetown,Gurney Drive,https://www.propertyguru.com.my/property-listing/medan-lim-cheng-teik-persiaran-gurney-jalan-kelawai-georgetown-double-storey-semi-d-for-sale-by-kenneth-kung-32293044
Penang,Georgetown,Gurney Drive,https://www.propertyguru.com.my/property-listing/gurney-paragon-for-sale-by-kenneth-kung-30649909
Penang,Georgetown,Gurney Drive,https://www.propertyguru.com.my/property-listing/gurney-paragon-for-sale-by-kenneth-kung-30638570
Penang,Georgetown,Gurney Drive,https://www.propertyguru.com.my/property-listing/gurney-paragon-for-sale-by-kenneth-kung-30837627
Penang,Georgetown,Gurney Drive,https://www.propertyguru.com.my/property-listing/gurney-paragon-for-sale-by-kenneth-kung-32878701
Penang,Georgetown,Gurney Drive,https://www.propertyguru.com.my/property-listing/gurney-paragon-for-sale-by-kenneth-kung-32878717
Penang,Georgetown,Gurney Drive,https://www.propertyguru.com.my/property-listing/gurney-paragon-for-sale-by-kenneth-kung-33014887
Penang,Georgetown,Gurney Drive,https://www.propertyguru.com.my/property-listing/gurney-paragon-for-sale-by-kenneth-kung-33014879
Penang,Georgetown,Gurney Drive,https://www.propertyguru.com.my/property-listing/gurney-beach-resort-for-sale-by-ronald-ng-33299956
Penang,Georgetown,Gurney Drive,https://www.propertyguru.com.my/property-listing/lorong-birch-birch-lane-for-sale-by-lewis-kam-33299734
Penang,Georgetown,Gurney Drive,https://www.propertyguru.com.my/property-listing/gurney-paragon-for-sale-by-alex-wong-32842582
Penang,Georgetown,Gurney Drive,https://www.propertyguru.com.my/property-listing/gurney-park-condominium-for-sale-by-anthony-liong-33298476
Penang,Georgetown,Gurney Drive,https://www.propertyguru.com.my/property-listing/the-regency-for-sale-by-sam-kam-33005884
Penang,Georgetown,Gurney Drive,https://www.propertyguru.com.my/property-listing/gurney-paragon-for-sale-by-sam-kam-27550970
Penang,Georgetown,Gurney Drive,https://www.propertyguru.com.my/property-listing/gurney-paragon-for-sale-by-sam-kam-29559722
Penang,Georgetown,Gurney Drive,https://www.propertyguru.com.my/property-listing/gurney-paragon-for-sale-by-sam-kam-32684413
Penang,Georgetown,Gurney Drive,https://www.propertyguru.com.my/property-listing/gurney-paragon-for-sale-by-sam-kam-31304059
Penang,Georgetown,Gurney Drive,https://www.propertyguru.com.my/property-listing/gurney-paragon-for-sale-by-sam-kam-23879426
Penang,Georgetown,Gurney Drive,https://www.propertyguru.com.my/property-listing/gurney-paragon-for-sale-by-sam-kam-29804271
Penang,Georgetown,Gurney Drive,https://www.propertyguru.com.my/property-listing/gurney-paragon-for-sale-by-sam-kam-22230869
Penang,Georgetown,Gurney Drive,https://www.propertyguru.com.my/property-listing/gurney-paragon-for-sale-by-sam-kam-30904958
Penang,Georgetown,Gurney Drive,https://www.propertyguru.com.my/property-listing/gurney-beach-resort-for-sale-by-marc-lee-31741468
Penang,Georgetown,Gurney Drive,https://www.propertyguru.com.my/property-listing/gurney-park-condominium-for-sale-by-marc-lee-33063662
Penang,Georgetown,Gurney Drive,https://www.propertyguru.com.my/property-listing/semi-d-off-gurney-drive-georgetown-for-sale-by-steven-hng-31888785
Penang,Georgetown,Gurney Drive,https://www.propertyguru.com.my/property-listing/gurney-park-condominium-for-sale-by-e-lim-32411781
Penang,Georgetown,Gurney Drive,https://www.propertyguru.com.my/property-listing/gurney-park-condominium-for-sale-by-e-lim-32398044
Penang,Georgetown,Gurney Drive,https://www.propertyguru.com.my/property-listing/gurney-park-condominium-for-sale-by-jason-lim-33104153
Penang,Georgetown,Gurney Drive,https://www.propertyguru.com.my/property-listing/the-regency-for-sale-by-alex-cheah-33290717
Penang,Georgetown,Gurney Drive,https://www.propertyguru.com.my/property-listing/gurney-paragon-for-sale-by-dominic-ong-30945951
Penang,Georgetown,Gurney Drive,https://www.propertyguru.com.my/property-listing/2-storey-semi-d-house-for-sale-by-rohney-khoo-30457827
Penang,Georgetown,Gurney Drive,https://www.propertyguru.com.my/property-listing/gurney-park-condominium-for-sale-by-anthony-liong-33287812
Penang,Georgetown,Gurney Drive,https://www.propertyguru.com.my/property-listing/gurney-paragon-for-sale-by-jeffrey-yeoh-22248113
Penang,Georgetown,Gurney Drive,https://www.propertyguru.com.my/property-listing/medan-lim-cheng-teik-semi-d-for-sale-by-rohney-khoo-31633314
Penang,Georgetown,Gurney Drive,https://www.propertyguru.com.my/property-listing/gurney-drive-2-storey-semi-d-commercial-use-22-rooms-for-sale-by-jordan-foo-32811558
Penang,Georgetown,Gurney Drive,https://www.propertyguru.com.my/property-listing/gurney-park-condominium-for-sale-by-jordan-foo-32073205
Penang,Georgetown,Gurney Drive,https://www.propertyguru.com.my/property-listing/gurney-park-condominium-for-sale-by-jordan-foo-32735943
Penang,Georgetown,Gurney Drive,https://www.propertyguru.com.my/property-listing/gurney-park-condominium-for-sale-by-jordan-foo-32072993
Penang,Georgetown,Gurney Drive,https://www.propertyguru.com.my/property-listing/gurney-park-condominium-for-sale-by-anthony-liong-33282872
Penang,Georgetown,Gurney Drive,https://www.propertyguru.com.my/property-listing/gurney-beach-resort-for-sale-by-billy-teh-28769846
Penang,Georgetown,Gurney Drive,https://www.propertyguru.com.my/property-listing/gurney-paragon-for-sale-by-pen-teo-31882092
Penang,Georgetown,Gurney Drive,https://www.propertyguru.com.my/property-listing/gurney-park-condominium-for-sale-by-kk-kwok-33281673
Penang,Georgetown,Gurney Drive,https://www.propertyguru.com.my/property-listing/gurney-paragon-for-sale-by-bill-teh-31190605
Penang,Georgetown,Gurney Drive,https://www.propertyguru.com.my/property-listing/gurney-park-condominium-for-sale-by-cheryl-chng-33280848
Penang,Georgetown,Gurney Drive,https://www.propertyguru.com.my/property-listing/gurney-park-condominium-for-sale-by-adrian-choo-30534411
Penang,Georgetown,Gurney Drive,https://www.propertyguru.com.my/property-listing/gurney-park-condominium-for-sale-by-elaine-yeoh-31760893
Penang,Georgetown,Gurney Drive,https://www.propertyguru.com.my/property-listing/gurney-park-condominium-for-sale-by-elaine-yeoh-31796855
Penang,Georgetown,Gurney Drive,https://www.propertyguru.com.my/property-listing/gurney-paragon-for-sale-by-chris-teoh-32691903
Penang,Georgetown,Gurney Drive,https://www.propertyguru.com.my/property-listing/gurney-paragon-for-sale-by-chris-teoh-32691937
Penang,Georgetown,Gurney Drive,https://www.propertyguru.com.my/property-listing/gurney-paragon-for-sale-by-irene-goh-33064482
Penang,Georgetown,Gurney Drive,https://www.propertyguru.com.my/property-listing/gurney-paragon-for-sale-by-irene-goh-33064534
Penang,Georgetown,Gurney Drive,https://www.propertyguru.com.my/property-listing/gurney-paragon-for-sale-by-irene-goh-33064548
Penang,Georgetown,Gurney Drive,https://www.propertyguru.com.my/property-listing/gurney-paragon-for-sale-by-irene-goh-33064697
Penang,Georgetown,Gurney Drive,https://www.propertyguru.com.my/property-listing/gurney-paragon-for-sale-by-poh-32755886
Penang,Georgetown,Gurney Drive,https://www.propertyguru.com.my/property-listing/gurney-park-condominium-for-sale-by-poh-32440144
Penang,Georgetown,Gurney Drive,https://www.propertyguru.com.my/property-listing/gurney-paragon-for-sale-by-shirley-beh-29784634
Penang,Georgetown,Gurney Drive,https://www.propertyguru.com.my/property-listing/gurney-paragon-for-sale-by-shirley-beh-32122409
Penang,Georgetown,Gurney Drive,https://www.propertyguru.com.my/property-listing/gurney-paragon-for-sale-by-pei-hoon-32459539
Penang,Georgetown,Gurney Drive,https://www.propertyguru.com.my/property-listing/gurney-park-condominium-for-sale-by-anthony-liong-33272870
Penang,Georgetown,Gurney Drive,https://www.propertyguru.com.my/property-listing/the-regency-for-sale-by-may-tan-33206440
Penang,Georgetown,Gurney Drive,https://www.propertyguru.com.my/property-listing/gurney-beach-resort-for-sale-by-adan-chang-27519341
Penang,Georgetown,Gurney Drive,https://www.propertyguru.com.my/property-listing/no-11-gurney-for-sale-by-chew-sa-31763305
Penang,Georgetown,Gurney Drive,https://www.propertyguru.com.my/property-listing/2-storey-kelawai-terrace-georgetown-for-sale-by-gladys-kock-31463413
Penang,Georgetown,Gurney Drive,https://www.propertyguru.com.my/property-listing/2-storey-kelawai-terrace-georgetown-for-sale-by-gladys-kock-30321865
Penang,Georgetown,Gurney Drive,https://www.propertyguru.com.my/property-listing/gurney-park-condominium-for-sale-by-anthony-liong-33268238
Penang,Georgetown,Gurney Drive,https://www.propertyguru.com.my/property-listing/gurney-park-condominium-for-sale-by-anthony-liong-33267263
Penang,Georgetown,Gurney Drive,https://www.propertyguru.com.my/property-listing/gurney-park-condominium-for-sale-by-charles-chaw-33262385
Penang,Georgetown,Gurney Drive,https://www.propertyguru.com.my/property-listing/the-regency-for-sale-by-anthony-liong-33262619
Penang,Georgetown,Gurney Drive,https://www.propertyguru.com.my/property-listing/the-regency-for-sale-by-billy-teh-29180255
Penang,Georgetown,Gurney Drive,https://www.propertyguru.com.my/property-listing/gurney-beach-resort-for-sale-by-billy-teh-31039545
Penang,Georgetown,Gurney Drive,https://www.propertyguru.com.my/property-listing/gurney-paragon-for-sale-by-billy-teh-31043847
Penang,Georgetown,Gurney Drive,https://www.propertyguru.com.my/property-listing/the-regency-for-sale-by-billy-teh-28797618
Penang,Georgetown,Gurney Drive,https://www.propertyguru.com.my/property-listing/gurney-beach-resort-for-sale-by-sam-kam-31999090
Penang,Georgetown,Gurney Drive,https://www.propertyguru.com.my/property-listing/gurney-paragon-for-sale-by-sam-kam-32679082
Penang,Georgetown,Gurney Drive,https://www.propertyguru.com.my/property-listing/gurney-paragon-for-sale-by-sam-kam-24038453
Penang,Georgetown,Gurney Drive,https://www.propertyguru.com.my/property-listing/gurney-paragon-for-sale-by-sam-kam-23756363
Penang,Georgetown,Gurney Drive,https://www.propertyguru.com.my/property-listing/gurney-paragon-for-sale-by-sam-kam-29236827
Penang,Georgetown,Gurney Drive,https://www.propertyguru.com.my/property-listing/gurney-paragon-for-sale-by-sam-kam-29559729
Penang,Georgetown,Gurney Drive,https://www.propertyguru.com.my/property-listing/the-regency-for-sale-by-jeffrey-yeoh-22027256
Penang,Georgetown,Gurney Drive,https://www.propertyguru.com.my/property-listing/gurney-paragon-for-sale-by-jeffrey-yeoh-30651791
Penang,Georgetown,Gurney Drive,https://www.propertyguru.com.my/property-listing/silverton-condominium-for-sale-by-alex-cheah-33257642
Penang,Georgetown,Gurney Drive,https://www.propertyguru.com.my/property-listing/silverton-condominium-for-sale-by-alex-cheah-33257594
Penang,Georgetown,Gurney Drive,https://www.propertyguru.com.my/property-listing/gurney-paragon-for-sale-by-elaine-yeoh-31853066
Penang,Georgetown,Gurney Drive,https://www.propertyguru.com.my/property-listing/edgecumbe-pulau-tikus-georgetown-penang-for-sale-by-elaine-yeoh-30705971
Penang,Georgetown,Gurney Drive,https://www.propertyguru.com.my/property-listing/silverton-condominium-for-sale-by-pei-hoon-31623613
Penang,Georgetown,Gurney Drive,https://www.propertyguru.com.my/property-listing/silverton-condominium-for-sale-by-matthew-png-32398311
Penang,Georgetown,Gurney Drive,https://www.propertyguru.com.my/property-listing/the-regency-for-sale-by-molly-lee-23085800
Penang,Georgetown,Gurney Drive,https://www.propertyguru.com.my/property-listing/the-regency-for-sale-by-carson-ooi-33250911
Penang,Georgetown,Gurney Drive,https://www.propertyguru.com.my/property-listing/tanjung-tokong-for-sale-by-vicky-tan-33022680
Penang,Georgetown,Gurney Drive,https://www.propertyguru.com.my/property-listing/gurney-paragon-for-sale-by-serena-tan-31790773
Penang,Georgetown,Gurney Drive,https://www.propertyguru.com.my/property-listing/lorong-kelawai-for-sale-by-jansen-yew-32911217
Penang,Georgetown,Gurney Drive,https://www.propertyguru.com.my/property-listing/gurney-paragon-for-sale-by-pei-hoon-31300680
Penang,Georgetown,Gurney Drive,https://www.propertyguru.com.my/property-listing/gurney-paragon-for-sale-by-eric-choong-33021952
Penang,Georgetown,Gurney Drive,https://www.propertyguru.com.my/property-listing/lorong-kelawai-off-gurney-drive-georgetown-for-sale-by-pei-hoon-31876621
Penang,Georgetown,Gurney Drive,https://www.propertyguru.com.my/property-listing/gurney-park-condominium-for-sale-by-adrian-choo-30678761
Penang,Georgetown,Gurney Drive,https://www.propertyguru.com.my/property-listing/gurney-paragon-for-sale-by-dylan-lee-31122022
Penang,Georgetown,Gurney Drive,https://www.propertyguru.com.my/property-listing/gurney-paragon-for-sale-by-sam-ooi-32290738
Penang,Georgetown,Gurney Drive,https://www.propertyguru.com.my/property-listing/gurney-park-condominium-for-sale-by-celine-chang-32353745
Penang,Georgetown,Gurney Drive,https://www.propertyguru.com.my/property-listing/gurney-paragon-for-sale-by-carson-ooi-30989402
Penang,Georgetown,Gurney Drive,https://www.propertyguru.com.my/property-listing/gurney-park-condominium-for-sale-by-carson-ooi-30984748
Penang,Georgetown,Gurney Drive,https://www.propertyguru.com.my/property-listing/gurney-paragon-for-sale-by-carson-ooi-31703257
Penang,Georgetown,Gurney Drive,https://www.propertyguru.com.my/property-listing/gurney-paragon-for-sale-by-yonii-tan-32606533
Penang,Georgetown,Gurney Drive,https://www.propertyguru.com.my/property-listing/gurney-park-condominium-for-sale-by-jervis-lim-33227201
Penang,Georgetown,Gurney Drive,https://www.propertyguru.com.my/property-listing/gurney-beach-resort-for-sale-by-alex-cheah-33229601
Penang,Georgetown,Gurney Drive,https://www.propertyguru.com.my/property-listing/silverton-condominium-for-sale-by-pei-hoon-33131677
Penang,Georgetown,Gurney Drive,https://www.propertyguru.com.my/property-listing/the-regency-for-sale-by-jason-lim-33228845
Penang,Georgetown,Gurney Drive,https://www.propertyguru.com.my/property-listing/gurney-park-condominium-for-sale-by-mervyn-seah-32442857
Penang,Georgetown,Gurney Drive,https://www.propertyguru.com.my/property-listing/gurney-park-condominium-for-sale-by-lim-kyee-32326596
Penang,Georgetown,Gurney Drive,https://www.propertyguru.com.my/property-listing/excel-court-apartment-near-gurney-island-plaza-tanjong-tokong-jalan-siput-lala-for-sale-by-lissa-ooi-32460747
Penang,Georgetown,Gurney Drive,https://www.propertyguru.com.my/property-listing/silverton-condominium-for-sale-by-pei-hoon-29432828
Penang,Georgetown,Gurney Drive,https://www.propertyguru.com.my/property-listing/gurney-park-condominium-for-sale-by-jeremy-tan-33066544
Penang,Georgetown,Gurney Drive,https://www.propertyguru.com.my/property-listing/jalan-sateria-for-sale-by-mervyn-seah-32392525
Penang,Georgetown,Gurney Drive,https://www.propertyguru.com.my/property-listing/waterside-residence-seaview-the-light-3-car-park-best-buy-for-sale-by-lissa-ooi-32993603
Penang,Georgetown,Gurney Drive,https://www.propertyguru.com.my/property-listing/gurney-park-condominium-for-sale-by-clifton-chee-33216245
Penang,Georgetown,Gurney Drive,https://www.propertyguru.com.my/property-listing/gurney-paragon-for-sale-by-desmond-cheang-5668061
Penang,Georgetown,Gurney Drive,https://www.propertyguru.com.my/property-listing/mutiara-villa-for-sale-by-eugene-lee-33113107
Penang,Georgetown,Gurney Drive,https://www.propertyguru.com.my/property-listing/gurney-park-condominium-for-sale-by-elaine-yeoh-32572962
Penang,Georgetown,Gurney Drive,https://www.propertyguru.com.my/property-listing/gurney-paragon-for-sale-by-marcus-cheah-32393819
Penang,Georgetown,Gurney Drive,https://www.propertyguru.com.my/property-listing/the-regency-for-sale-by-marcus-cheah-30470775
Penang,Georgetown,Gurney Drive,https://www.propertyguru.com.my/property-listing/silverton-condominium-for-sale-by-marcus-cheah-29142176
Penang,Georgetown,Gurney Drive,https://www.propertyguru.com.my/property-listing/gurney-paragon-for-sale-by-marcus-cheah-31266832
Penang,Georgetown,Gurney Drive,https://www.propertyguru.com.my/property-listing/gurney-park-condominium-for-sale-by-yap-yi-xiang-31402281
Penang,Georgetown,Gurney Drive,https://www.propertyguru.com.my/property-listing/gurney-paragon-for-sale-by-sam-kam-31274002
Penang,Georgetown,Gurney Drive,https://www.propertyguru.com.my/property-listing/gurney-paragon-for-sale-by-sam-kam-23724044
Penang,Georgetown,Gurney Drive,https://www.propertyguru.com.my/property-listing/gurney-paragon-for-sale-by-sam-kam-28868778
Penang,Georgetown,Gurney Drive,https://www.propertyguru.com.my/property-listing/gurney-beach-resort-for-sale-by-sam-ooi-32719348
Penang,Georgetown,Gurney Drive,https://www.propertyguru.com.my/property-listing/gurney-paragon-for-sale-by-crystal-tee-31558470
Penang,Georgetown,Gurney Drive,https://www.propertyguru.com.my/property-listing/gurney-beach-for-sale-by-crystal-tee-32528695
Penang,Georgetown,Gurney Drive,https://www.propertyguru.com.my/property-listing/gurney-park-condominium-for-sale-by-crystal-tee-32926773
Penang,Georgetown,Gurney Drive,https://www.propertyguru.com.my/property-listing/gurney-park-condominium-for-sale-by-crystal-tee-30067132
Penang,Georgetown,Gurney Drive,https://www.propertyguru.com.my/property-listing/gurney-park-condominium-for-sale-by-jeffrey-yeoh-28000436
Penang,Georgetown,Gurney Drive,https://www.propertyguru.com.my/property-listing/gurney-paragon-for-sale-by-pen-teo-26114465
Penang,Georgetown,Gurney Drive,https://www.propertyguru.com.my/property-listing/gurney-paragon-for-sale-by-nick-teh-32916275
Penang,Georgetown,Gurney Drive,https://www.propertyguru.com.my/property-listing/gurney-paragon-for-sale-by-nick-teh-32916559
Penang,Georgetown,Gurney Drive,https://www.propertyguru.com.my/property-listing/gurney-paragon-for-sale-by-nick-teh-32916583
Penang,Georgetown,Gurney Drive,https://www.propertyguru.com.my/property-listing/gurney-paragon-for-sale-by-nick-teh-32916119
Penang,Georgetown,Gurney Drive,https://www.propertyguru.com.my/property-listing/gurney-paragon-for-sale-by-nick-teh-32916308
Penang,Georgetown,Gurney Drive,https://www.propertyguru.com.my/property-listing/gurney-paragon-for-sale-by-elaine-yeoh-30934865
Penang,Georgetown,Gurney Drive,https://www.propertyguru.com.my/property-listing/gurney-paragon-for-sale-by-elaine-yeoh-31753858
Penang,Georgetown,Gurney Drive,https://www.propertyguru.com.my/property-listing/gurney-paragon-for-sale-by-elaine-yeoh-31754194
Penang,Georgetown,Gurney Drive,https://www.propertyguru.com.my/property-listing/gurney-beach-resort-for-sale-by-elaine-yeoh-31471220
Penang,Georgetown,Gurney Drive,https://www.propertyguru.com.my/property-listing/gurney-park-condominium-for-sale-by-ryan-ho-32067310
Penang,Georgetown,Gurney Drive,https://www.propertyguru.com.my/property-listing/silverton-condominium-for-sale-by-karen-goh-33181447
Penang,Georgetown,Gurney Drive,https://www.propertyguru.com.my/property-listing/gurney-paragon-for-sale-by-karen-goh-31656175
Penang,Georgetown,Gurney Drive,https://www.propertyguru.com.my/property-listing/gurney-paragon-for-sale-by-karen-goh-32831529
Penang,Georgetown,Gurney Drive,https://www.propertyguru.com.my/property-listing/medan-lim-cheng-teik-for-sale-by-anna-koay-31310841
Penang,Georgetown,Gurney Drive,https://www.propertyguru.com.my/property-listing/gurney-beach-resort-for-sale-by-leong-33176204
Penang,Georgetown,Gurney Drive,https://www.propertyguru.com.my/property-listing/gurney-park-condominium-for-sale-by-andrews-sk-33172443
Penang,Georgetown,Gurney Drive,https://www.propertyguru.com.my/property-listing/gurney-park-condominium-for-sale-by-cy-ong-33100222
Penang,Georgetown,Gurney Drive,https://www.propertyguru.com.my/property-listing/gurney-paragon-residences-west-tower-penang-for-sale-by-patrick-kuan-33170311
Penang,Georgetown,Gurney Drive,https://www.propertyguru.com.my/property-listing/gurney-park-condominium-for-sale-by-kaze-kang-33170128
Penang,Georgetown,Gurney Drive,https://www.propertyguru.com.my/property-listing/gurney-park-condominium-for-sale-by-alisson-chew-33169437
Penang,Georgetown,Gurney Drive,https://www.propertyguru.com.my/property-listing/gurney-paragon-for-sale-by-dave-soon-31309902
Penang,Georgetown,Gurney Drive,https://www.propertyguru.com.my/property-listing/gurney-paragon-for-sale-by-dave-soon-31310082
Penang,Georgetown,Gurney Drive,https://www.propertyguru.com.my/property-listing/gurney-paragon-for-sale-by-dave-soon-27344915
Penang,Georgetown,Gurney Drive,https://www.propertyguru.com.my/property-listing/gurney-paragon-for-sale-by-dave-soon-23167328
Penang,Georgetown,Gurney Drive,https://www.propertyguru.com.my/property-listing/gurney-paragon-for-sale-by-billy-teh-29560285
Penang,Georgetown,Gurney Drive,https://www.propertyguru.com.my/property-listing/gurney-paragon-for-sale-by-dominic-ong-31410208
Penang,Georgetown,Gurney Drive,https://www.propertyguru.com.my/property-listing/gurney-beach-resort-for-sale-by-hao-tan-30858518
Penang,Georgetown,Gurney Drive,https://www.propertyguru.com.my/property-listing/gurney-paragon-for-sale-by-alex-cheah-33162482
Penang,Georgetown,Gurney Drive,https://www.propertyguru.com.my/property-listing/gurney-park-condominium-for-sale-by-hong-33162174
Penang,Georgetown,Gurney Drive,https://www.propertyguru.com.my/property-listing/gurney-beach-resort-for-sale-by-elaine-yeoh-32018425
Penang,Georgetown,Gurney Drive,https://www.propertyguru.com.my/property-listing/silverton-condominium-for-sale-by-jansen-yew-33160386
Penang,Georgetown,Gurney Drive,https://www.propertyguru.com.my/property-listing/gurney-paragon-for-sale-by-kk-kwok-32925258
Penang,Georgetown,Gurney Drive,https://www.propertyguru.com.my/property-listing/gurney-park-condominium-for-sale-by-vivian-lim-30662787
Penang,Georgetown,Gurney Drive,https://www.propertyguru.com.my/property-listing/gurney-park-condominium-for-sale-by-ryan-ho-31387347
Penang,Georgetown,Gurney Drive,https://www.propertyguru.com.my/property-listing/gurney-park-condominium-for-sale-by-ryan-ho-32344810
Penang,Georgetown,Gurney Drive,https://www.propertyguru.com.my/property-listing/gurney-park-condominium-for-sale-by-ryan-ho-32067445
Penang,Georgetown,Gurney Drive,https://www.propertyguru.com.my/property-listing/gurney-park-condominium-for-sale-by-susan-choo-32597887
Penang,Georgetown,Gurney Drive,https://www.propertyguru.com.my/property-listing/gurney-park-condominium-for-sale-by-adrian-choo-30350995
Penang,Georgetown,Gurney Drive,https://www.propertyguru.com.my/property-listing/gurney-paragon-for-sale-by-desmond-cheang-5674034
Penang,Georgetown,Gurney Drive,https://www.propertyguru.com.my/property-listing/gurney-park-condominium-for-sale-by-desmond-cheang-5656889
Penang,Georgetown,Gurney Drive,https://www.propertyguru.com.my/property-listing/gurney-park-condominium-for-sale-by-clifton-chee-33140152
Penang,Georgetown,Gurney Drive,https://www.propertyguru.com.my/property-listing/gurney-park-condominium-for-sale-by-lim-kyee-29800172
Penang,Georgetown,Gurney Drive,https://www.propertyguru.com.my/property-listing/gurney-park-condominium-for-sale-by-stanley-saw-33138254
Penang,Georgetown,Gurney Drive,https://www.propertyguru.com.my/property-listing/the-tamarind-tanjung-tokong-by-e-o-for-sale-by-kimberlyn-lim-32176937
Penang,Georgetown,Gurney Drive,https://www.propertyguru.com.my/property-listing/silverton-condominium-for-sale-by-rex-tung-32875022
Penang,Georgetown,Gurney Drive,https://www.propertyguru.com.my/property-listing/gurney-park-condominium-for-sale-by-alex-cheah-33134053
Penang,Georgetown,Gurney Drive,https://www.propertyguru.com.my/property-listing/gurney-paragon-for-sale-by-bryan-teng-33123036
Penang,Georgetown,Gurney Drive,https://www.propertyguru.com.my/property-listing/gurney-park-condominium-for-sale-by-sherine-chuah-33131656
Penang,Georgetown,Gurney Drive,https://www.propertyguru.com.my/property-listing/gurney-park-condominium-for-sale-by-sherine-chuah-33131635
Penang,Georgetown,Gurney Drive,https://www.propertyguru.com.my/property-listing/gurney-paragon-for-sale-by-elaine-yeoh-30728130
Penang,Georgetown,Gurney Drive,https://www.propertyguru.com.my/property-listing/sri-pangkor-for-sale-by-lynda-tai-29670692
Penang,Georgetown,Gurney Drive,https://www.propertyguru.com.my/property-listing/sri-pangkor-for-sale-by-lynda-tai-29670699
Penang,Georgetown,Gurney Drive,https://www.propertyguru.com.my/property-listing/2-storey-semi-d-lorong-kelawai-gurney-drive-pulau-tikus-price-nego-well-maintained-bigcompound-for-sale-by-marc-lee-33127985
Penang,Georgetown,Gurney Drive,https://www.propertyguru.com.my/property-listing/silverton-condominium-for-sale-by-adan-chang-31884665
Penang,Georgetown,Gurney Drive,https://www.propertyguru.com.my/property-listing/silverton-condominium-for-sale-by-kk-kwok-30112678
Penang,Georgetown,Gurney Drive,https://www.propertyguru.com.my/property-listing/gurney-paragon-for-sale-by-kk-kwok-30308511
Penang,Georgetown,Gurney Drive,https://www.propertyguru.com.my/property-listing/silverton-condominium-for-sale-by-carson-ooi-30984889
Penang,Georgetown,Gurney Drive,https://www.propertyguru.com.my/property-listing/the-regency-for-sale-by-carson-ooi-30984936
Penang,Georgetown,Gurney Drive,https://www.propertyguru.com.my/property-listing/gurney-paragon-for-sale-by-carson-ooi-30989425
Penang,Georgetown,Gurney Drive,https://www.propertyguru.com.my/property-listing/solok-gurney-for-sale-by-alison-chng-29687950
Penang,Georgetown,Gurney Drive,https://www.propertyguru.com.my/property-listing/silverton-condominium-for-sale-by-griv-ong-32148452
Penang,Georgetown,Gurney Drive,https://www.propertyguru.com.my/property-listing/silverton-condominium-for-sale-by-clifton-chee-33116531
Penang,Georgetown,Gurney Drive,https://www.propertyguru.com.my/property-listing/silverton-condominium-for-sale-by-sam-kam-24648167
Penang,Georgetown,Gurney Drive,https://www.propertyguru.com.my/property-listing/silverton-condominium-for-sale-by-sam-kam-29400444
Penang,Georgetown,Gurney Drive,https://www.propertyguru.com.my/property-listing/silverton-condominium-for-sale-by-sam-kam-29977600
Penang,Georgetown,Gurney Drive,https://www.propertyguru.com.my/property-listing/gurney-paragon-for-sale-by-sam-kam-23723984
Penang,Georgetown,Gurney Drive,https://www.propertyguru.com.my/property-listing/gurney-paragon-for-sale-by-sam-kam-28946212
Penang,Georgetown,Gurney Drive,https://www.propertyguru.com.my/property-listing/gurney-paragon-for-sale-by-quinn-beh-32105285
Penang,Georgetown,Gurney Drive,https://www.propertyguru.com.my/property-listing/tingkat-kelawai-for-sale-by-cecilia-cho-31869523
Penang,Georgetown,Gurney Drive,https://www.propertyguru.com.my/property-listing/gurney-paragon-for-sale-by-moko-ong-32841293
Penang,Georgetown,Gurney Drive,https://www.propertyguru.com.my/property-listing/gurney-park-condominium-for-sale-by-jeffrey-yeoh-27520712
Penang,Georgetown,Gurney Drive,https://www.propertyguru.com.my/property-listing/gurney-drive-semid-for-sale-by-chye-lim-lee-32798862
Penang,Georgetown,Gurney Drive,https://www.propertyguru.com.my/property-listing/indaria-apartment-for-sale-by-chye-lim-lee-32799572
Penang,Georgetown,Gurney Drive,https://www.propertyguru.com.my/property-listing/gurney-paragon-for-sale-by-chye-lim-lee-31702251
Penang,Georgetown,Gurney Drive,https://www.propertyguru.com.my/property-listing/gurney-beach-resort-for-sale-by-serena-tan-31084059
Penang,Georgetown,Gurney Drive,https://www.propertyguru.com.my/property-listing/2-adjoining-designer-artdeco-townhouses-on-irrawaddy-road-in-george-town-for-sale-by-serena-tan-33105305
Penang,Georgetown,Gurney Drive,https://www.propertyguru.com.my/property-listing/the-regency-for-sale-by-billy-teh-29418974
Penang,Georgetown,Gurney Drive,https://www.propertyguru.com.my/property-listing/lorong-kelawei-for-sale-by-vicky-tan-33104131
Penang,Georgetown,Gurney Drive,https://www.propertyguru.com.my/property-listing/gurney-park-condominium-for-sale-by-bryan-h-ng-32751816
Penang,Georgetown,Gurney Drive,https://www.propertyguru.com.my/property-listing/gurney-paragon-for-sale-by-jeffrey-yeoh-28321715
Penang,Georgetown,Gurney Drive,https://www.propertyguru.com.my/property-listing/gurney-paragon-for-sale-by-candiz-chong-33113896
Penang,Georgetown,Jalan Scotland,https://www.propertyguru.com.my/property-listing/bungalow-close-to-gh-georgetown-for-sale-by-pei-hoon-29345275
Penang,Georgetown,Jalan Scotland,https://www.propertyguru.com.my/property-listing/skipton-road-for-sale-by-chew-sa-30973688
Penang,Georgetown,Jalan Scotland,https://www.propertyguru.com.my/property-listing/bungalow-la-7825-cheapest-bungalow-at-jalan-skipton-georgetown-for-sale-by-mark-tan-33248855
Penang,Georgetown,Jalan Scotland,https://www.propertyguru.com.my/property-listing/casa-grande-bungalow-house-jalan-brook-jalan-jesselton-land-10000sf-for-sale-by-welson-teh-30282767
Penang,Georgetown,Jalan Scotland,https://www.propertyguru.com.my/property-listing/jalan-skipton-georgetown-bungalow-house-jalan-scotland-penang-land-6179sf-for-sale-by-welson-teh-30574140
Penang,Georgetown,Jalan Scotland,https://www.propertyguru.com.my/property-listing/2-storey-bungalow-house-huge-land-24000sf-georgetown-for-sale-by-arissa-phuan-28636433
Penang,Georgetown,Jalan Scotland,https://www.propertyguru.com.my/property-listing/halaman-york-georgetown-la-3-400-sqft-for-sale-by-chew-sa-29827814
Penang,Georgetown,Jalan Scotland,https://www.propertyguru.com.my/property-listing/first-grade-development-land-on-york-road-greenlane-now-for-sale-for-sale-by-serena-tan-29490533
Penang,Georgetown,Jalan Scotland,https://www.propertyguru.com.my/property-listing/2-storey-bungalow-scotland-for-sale-by-eric-cheang-10948076
Penang,Georgetown,Jalan Scotland,https://www.propertyguru.com.my/property-listing/jalan-sekolah-la-salle-2-storey-terrace-well-maintain-free-hold-for-sale-by-eric-choong-32710613
Penang,Georgetown,Jalan Scotland,https://www.propertyguru.com.my/property-listing/taman-lumba-kuda-ayer-itam-georgetown-2-storey-terrace-corner-for-sale-by-kenneth-kung-32308102
Penang,Georgetown,Jalan Scotland,https://www.propertyguru.com.my/property-listing/3-storey-bungalow-solok-ross-georgetown-near-sri-york-for-sale-by-kenneth-kung-32301550
Penang,Georgetown,Jalan Scotland,https://www.propertyguru.com.my/property-listing/solok-ross-georgetown-3-storey-bungalow-big-compound-for-sale-by-kenneth-kung-32301534
Penang,Georgetown,Jalan Scotland,https://www.propertyguru.com.my/property-listing/solok-sekolah-la-salle-ayer-itam-georgetown-2-storey-semi-d-for-sale-by-kenneth-kung-32282733
Penang,Georgetown,Jalan Scotland,https://www.propertyguru.com.my/property-listing/ayer-itam-2-storey-terrace-jalan-sekolah-la-salle-jalan-scotland-for-sale-by-kenneth-kung-32394059
Penang,Georgetown,Jalan Scotland,https://www.propertyguru.com.my/property-listing/lengkok-barat-2-storey-semi-d-georgetown-for-sale-by-kenneth-kung-31091775
Penang,Georgetown,Jalan Scotland,https://www.propertyguru.com.my/property-listing/landed-sale-2-storey-semi-d-at-taman-scotland-premier-location-for-sale-by-paul-lim-32754861
Penang,Georgetown,Jalan Scotland,https://www.propertyguru.com.my/property-listing/halaman-york-georgetown-semi-detached-for-sale-by-elaine-ooi-32187355
Penang,Georgetown,Jalan Scotland,https://www.propertyguru.com.my/property-listing/scots-pavilion-for-sale-by-paul-lim-32422738
Penang,Georgetown,Jalan Scotland,https://www.propertyguru.com.my/property-listing/jalan-scotland-2-storey-semi-detached-4712sf-georgetown-for-sale-by-nigel-cheon-32387454
Penang,Georgetown,Jalan Scotland,https://www.propertyguru.com.my/property-listing/jalan-lim-mah-chye-bungalow-house-off-jalan-utama-for-sale-by-carson-ooi-31488916
Penang,Georgetown,Jalan Scotland,https://www.propertyguru.com.my/property-listing/sri-york-condominium-halaman-york-penang-for-sale-by-katherine-khoo-30625468
Penang,Georgetown,Jalan Scotland,https://www.propertyguru.com.my/property-listing/taman-lumba-kuda-2sty-terrace-corner-reno-land-3550sf-georgetown-air-itam-for-sale-by-dexx-yim-32886844
Penang,Georgetown,Jalan Scotland,https://www.propertyguru.com.my/property-listing/bungalow-lot-turf-club-georgetown-for-sale-by-bryan-ooi-30396162
Penang,Georgetown,Jalan Scotland,https://www.propertyguru.com.my/property-listing/york-road-georgetown-for-sale-by-eugene-lee-30925941
Penang,Georgetown,Jalan Scotland,https://www.propertyguru.com.my/property-listing/solok-ross-near-york-rd-goergetown-for-sale-by-annie-oung-7235042
Penang,Georgetown,Jalan Scotland,https://www.propertyguru.com.my/property-listing/solok-ross-for-sale-by-tavy-poh-30328513
Penang,Georgetown,Jalan Scotland,https://www.propertyguru.com.my/property-listing/jalan-scotland-double-storey-semi-d-for-sale-by-vincent-ooi-32790775
Penang,Georgetown,Jalan Scotland,https://www.propertyguru.com.my/property-listing/double-storey-semi-d-at-jalan-york-area-in-penang-island-for-sale-by-st-lim-30327486
Penang,Georgetown,Jalan Scotland,https://www.propertyguru.com.my/property-listing/solok-scotland-for-sale-by-nelson-teoh-33189713
Penang,Georgetown,Jalan Scotland,https://www.propertyguru.com.my/property-listing/taman-lumba-kuda-terrace-house-for-sale-by-elaine-ooi-33185952
Penang,Georgetown,Jalan Scotland,https://www.propertyguru.com.my/property-listing/off-jalan-scotland-for-sale-by-alisson-chew-32037224
Penang,Georgetown,Jalan Scotland,https://www.propertyguru.com.my/property-listing/pulau-tikus-for-sale-by-elynne-leong-31696744
Penang,Georgetown,Jalan Scotland,https://www.propertyguru.com.my/property-listing/solok-scotland-penang-for-sale-by-leslie-hong-29517456
Penang,Georgetown,Jalan Scotland,https://www.propertyguru.com.my/property-listing/taman-lumba-kuda-2-storey-terrace-padang-tembak-for-sale-by-ivan-chia-32450591
Penang,Georgetown,Jalan Scotland,https://www.propertyguru.com.my/property-listing/landed-sale-2-storey-semi-d-at-jalan-scotland-big-compound-for-sale-by-paul-lim-32484318
Penang,Georgetown,Jalan Scotland,https://www.propertyguru.com.my/property-listing/georgetown-anson-road-for-sale-by-katherine-khoo-32833859
Penang,Georgetown,Pulau Tikus,https://www.propertyguru.com.my/property-listing/pulau-tikus-bungalow-id-renovation-with-swimming-pool-for-sale-by-jeffrey-ooi-12954821
Penang,Georgetown,Pulau Tikus,https://www.propertyguru.com.my/property-listing/moulmein-rise-for-sale-by-belleview-group-32211793#2591
Penang,Georgetown,Pulau Tikus,https://www.propertyguru.com.my/property-listing/bungalow-pulau-tikus-for-sale-by-alisson-chew-32830052
Penang,Georgetown,Pulau Tikus,https://www.propertyguru.com.my/property-listing/penang-award-winning-designed-prewar-new-unit-and-move-in-condition-for-sale-by-billy-teh-33033450
Penang,Georgetown,Pulau Tikus,https://www.propertyguru.com.my/property-listing/edgecumbe-terrace-for-sale-by-chew-sa-31505602
Penang,Georgetown,Pulau Tikus,https://www.propertyguru.com.my/property-listing/taman-jesselton-double-storey-semi-d-corner-unit-pulau-tikus-for-sale-by-annie-oung-12331058
Penang,Georgetown,Pulau Tikus,https://www.propertyguru.com.my/property-listing/casa-grande-jalan-brook-pulau-tikus-for-sale-by-annie-oung-31032225
Penang,Georgetown,Pulau Tikus,https://www.propertyguru.com.my/property-listing/bungalow-at-georgetown-for-sale-by-yeoh-ws-33121587
Penang,Georgetown,Pulau Tikus,https://www.propertyguru.com.my/property-listing/bungalow-at-georgetown-for-sale-by-yeoh-ws-33121592
Penang,Georgetown,Pulau Tikus,https://www.propertyguru.com.my/property-listing/jalan-ds-ramanathan-bungalow-for-sale-by-yeoh-ws-33121631
Penang,Georgetown,Pulau Tikus,https://www.propertyguru.com.my/property-listing/bellisa-court-for-sale-by-bill-teh-31184420
Penang,Georgetown,Pulau Tikus,https://www.propertyguru.com.my/property-listing/heritage-bungalow-land-15000sf-jalan-concordia-pulau-tikus-off-gurney-drive-for-sale-by-hong-33303350
Penang,Georgetown,Pulau Tikus,https://www.propertyguru.com.my/property-listing/nunn-crescent-off-ayer-rajah-road-for-sale-by-chew-sa-30062486
Penang,Georgetown,Pulau Tikus,https://www.propertyguru.com.my/property-listing/pulau-tikus-2-storey-terrace-for-sale-by-devlin-lim-33327372
Penang,Georgetown,Pulau Tikus,https://www.propertyguru.com.my/property-listing/ss-detached-real-estate-on-gottlieb-road-pulau-tikus-now-for-sale-for-sale-by-serena-tan-30776532
Penang,Georgetown,Pulau Tikus,https://www.propertyguru.com.my/property-listing/2-storey-jalan-yeoh-guan-seok-pulau-tikus-for-sale-by-elaine-yeoh-32403228
Penang,Georgetown,Pulau Tikus,https://www.propertyguru.com.my/property-listing/bellisa-court-for-sale-by-jeffrey-ooi-32846111
Penang,Georgetown,Pulau Tikus,https://www.propertyguru.com.my/property-listing/double-storey-commercial-use-terrace-pulau-tikus-georgetown-for-sale-by-ronald-ng-33226305
Penang,Georgetown,Pulau Tikus,https://www.propertyguru.com.my/property-listing/berjaya-kensington-garden-bungalow-lot-jesselton-pulau-tikus-for-sale-by-ronald-ng-32094146
Penang,Georgetown,Pulau Tikus,https://www.propertyguru.com.my/property-listing/vacant-bungalow-lot-pulau-tikus-georgetown-for-sale-by-ronald-ng-31890657
Penang,Georgetown,Pulau Tikus,https://www.propertyguru.com.my/property-listing/double-storey-bungalow-pulau-tikus-georgetown-for-sale-by-ronald-ng-28760666
Penang,Georgetown,Pulau Tikus,https://www.propertyguru.com.my/property-listing/single-storey-bungalow-pulau-tikus-georgetown-rose-avenue-for-sale-by-ronald-ng-29042939
Penang,Georgetown,Pulau Tikus,https://www.propertyguru.com.my/property-listing/casa-grande-double-storey-bungalow-pulau-tikus-jesselton-for-sale-by-ronald-ng-29472316
Penang,Georgetown,Pulau Tikus,https://www.propertyguru.com.my/property-listing/3-storey-bungalow-pulau-tikus-georgetown-for-sale-by-ronald-ng-31748423
Penang,Georgetown,Pulau Tikus,https://www.propertyguru.com.my/property-listing/2-5-storey-bungalow-pulau-tikus-georgetown-for-sale-by-ronald-ng-32834401
Penang,Georgetown,Pulau Tikus,https://www.propertyguru.com.my/property-listing/3-storey-modern-bungalow-pulau-tikus-georgetown-for-sale-by-ronald-ng-30929309
Penang,Georgetown,Pulau Tikus,https://www.propertyguru.com.my/property-listing/double-storey-bungalow-taman-jesselton-pulau-tikus-for-sale-by-ronald-ng-30861251
Penang,Georgetown,Pulau Tikus,https://www.propertyguru.com.my/property-listing/3-storey-bungalow-pulau-tikus-georgetown-for-sale-by-ronald-ng-32067993
Penang,Georgetown,Pulau Tikus,https://www.propertyguru.com.my/property-listing/double-storey-bungalow-pulau-tikus-georgetown-for-sale-by-ronald-ng-32266598
Penang,Georgetown,Pulau Tikus,https://www.propertyguru.com.my/property-listing/double-storey-premium-bungalow-pulau-tikus-georgetown-for-sale-by-ronald-ng-32585382
Penang,Georgetown,Pulau Tikus,https://www.propertyguru.com.my/property-listing/double-storey-terrace-pulau-tikus-georgetown-for-sale-by-ronald-ng-33174366
Penang,Georgetown,Pulau Tikus,https://www.propertyguru.com.my/property-listing/double-storey-terrace-pulau-tikus-georgetown-for-sale-by-ronald-ng-33108309
Penang,Georgetown,Pulau Tikus,https://www.propertyguru.com.my/property-listing/double-storey-terrace-corner-pulau-tikus-georgetown-for-sale-by-ronald-ng-33085266
Penang,Georgetown,Pulau Tikus,https://www.propertyguru.com.my/property-listing/double-storey-terrace-corner-pulau-tikus-georgetown-for-sale-by-ronald-ng-32741510
Penang,Georgetown,Pulau Tikus,https://www.propertyguru.com.my/property-listing/double-storey-terrace-pulau-tikus-georgetown-for-sale-by-ronald-ng-32741349
Penang,Georgetown,Pulau Tikus,https://www.propertyguru.com.my/property-listing/double-storey-terrace-pulau-tikus-georgetown-for-sale-by-ronald-ng-32169231
Penang,Georgetown,Pulau Tikus,https://www.propertyguru.com.my/property-listing/single-storey-semi-detached-pulau-tikus-for-sale-by-ronald-ng-31652119
Penang,Georgetown,Pulau Tikus,https://www.propertyguru.com.my/property-listing/double-storey-semi-detached-pulau-tikus-georgetown-for-sale-by-ronald-ng-31613111
Penang,Georgetown,Pulau Tikus,https://www.propertyguru.com.my/property-listing/double-storey-semi-detached-pulau-tikus-georgetown-for-sale-by-ronald-ng-27971246
Penang,Georgetown,Pulau Tikus,https://www.propertyguru.com.my/property-listing/double-story-commercial-semi-d-pulau-tikus-georgetown-for-sale-by-ronald-ng-27410414
Penang,Georgetown,Pulau Tikus,https://www.propertyguru.com.my/property-listing/double-storey-terrace-pulau-tikus-georgetown-for-sale-by-ronald-ng-30676927
Penang,Georgetown,Pulau Tikus,https://www.propertyguru.com.my/property-listing/3-storey-apartment-pulau-tikus-georgetown-for-sale-by-ronald-ng-29910819
Penang,Georgetown,Pulau Tikus,https://www.propertyguru.com.my/property-listing/desa-melor-for-sale-by-ronald-ng-28996533
Penang,Georgetown,Pulau Tikus,https://www.propertyguru.com.my/property-listing/double-storey-terrace-pulau-tikus-georgetown-for-sale-by-ronald-ng-31885794
Penang,Georgetown,Pulau Tikus,https://www.propertyguru.com.my/property-listing/double-storey-semi-detached-pulau-tikus-georgetown-for-sale-by-ronald-ng-32861596
Penang,Georgetown,Pulau Tikus,https://www.propertyguru.com.my/property-listing/berjaya-court-for-sale-by-ronald-ng-27990533
Penang,Georgetown,Pulau Tikus,https://www.propertyguru.com.my/property-listing/double-storey-semi-d-pulau-tikus-georgetown-for-sale-by-ronald-ng-27859388
Penang,Georgetown,Pulau Tikus,https://www.propertyguru.com.my/property-listing/taman-jesselton-double-storey-semi-detached-pulau-tikus-for-sale-by-ronald-ng-29578063
Penang,Georgetown,Pulau Tikus,https://www.propertyguru.com.my/property-listing/naninong-pulau-tikus-for-sale-by-joshua-cheah-28906951
Penang,Georgetown,Pulau Tikus,https://www.propertyguru.com.my/property-listing/desa-palma-codrington-for-sale-by-joshua-cheah-29117586
Penang,Georgetown,Pulau Tikus,https://www.propertyguru.com.my/property-listing/bungalow-house-at-pulau-tikus-for-sale-by-sylvia-yeoh-32821427
Penang,Georgetown,Pulau Tikus,https://www.propertyguru.com.my/property-listing/jalan-utama-at-georgetown-for-sale-by-billy-teh-29568078
Penang,Georgetown,Pulau Tikus,https://www.propertyguru.com.my/property-listing/lebuh-midlands-pulau-tikus-for-sale-by-khoo-32905749
Penang,Georgetown,Pulau Tikus,https://www.propertyguru.com.my/property-listing/lebuhraya-maktab-for-sale-by-gary-goh-33106672
Penang,Georgetown,Pulau Tikus,https://www.propertyguru.com.my/property-listing/bellisa-court-for-sale-by-cheryl-chng-33280659
Penang,Georgetown,Pulau Tikus,https://www.propertyguru.com.my/property-listing/bellisa-court-for-sale-by-cheryl-chng-33280610
Penang,Georgetown,Pulau Tikus,https://www.propertyguru.com.my/property-listing/bellisa-court-for-sale-by-cheryl-chng-33280588
Penang,Georgetown,Pulau Tikus,https://www.propertyguru.com.my/property-listing/gerbang-edgecumbe-georgetown-pulau-tikus-terrace-house-for-sale-by-welson-teh-31551777
Penang,Georgetown,Pulau Tikus,https://www.propertyguru.com.my/property-listing/taman-jesselton-pulau-tikus-georgetown-semi-detached-house-for-sale-by-welson-teh-32247244
Penang,Georgetown,Pulau Tikus,https://www.propertyguru.com.my/property-listing/cascadia-for-sale-by-welson-teh-32683634
Penang,Georgetown,Pulau Tikus,https://www.propertyguru.com.my/property-listing/codrington-avenue-at-pulau-tikus-for-sale-by-billy-teh-29649836
Penang,Georgetown,Pulau Tikus,https://www.propertyguru.com.my/property-listing/jalan-kelawai-commercial-semi-d-for-sale-by-billy-teh-24116660
Penang,Georgetown,Pulau Tikus,https://www.propertyguru.com.my/property-listing/desa-melor-condo-pulau-tikus-for-sale-by-jeffrey-yeoh-24783995
Penang,Georgetown,Pulau Tikus,https://www.propertyguru.com.my/property-listing/casa-grande-jalan-brook-la-6540sqft-for-sale-by-chew-sa-29863472
Penang,Georgetown,Pulau Tikus,https://www.propertyguru.com.my/property-listing/casa-grande-jalan-brook-la-10-882sqft-for-sale-by-chew-sa-30894759
Penang,Georgetown,Pulau Tikus,https://www.propertyguru.com.my/property-listing/casa-grande-jalan-brook-for-sale-by-eugene-tung-31272445
Penang,Georgetown,Pulau Tikus,https://www.propertyguru.com.my/property-listing/casa-grande-double-storey-bungalow-jesselton-gated-guarded-for-sale-by-eugene-tung-31483044
Penang,Georgetown,Pulau Tikus,https://www.propertyguru.com.my/property-listing/bungalow-house-huge-land-50ksqft-jesselton-pulau-tikus-for-sale-by-arissa-phuan-32402982
Penang,Georgetown,Pulau Tikus,https://www.propertyguru.com.my/property-listing/cantonment-pulau-tikus-for-sale-by-annie-oung-4935089
Penang,Georgetown,Pulau Tikus,https://www.propertyguru.com.my/property-listing/pulau-tikus-for-sale-by-ong-yew-san-33318642
Penang,Georgetown,Pulau Tikus,https://www.propertyguru.com.my/property-listing/cascadia-for-sale-by-adan-chang-32725419
Penang,Georgetown,Pulau Tikus,https://www.propertyguru.com.my/property-listing/midlands-court-for-sale-by-rex-tung-33317277
Penang,Georgetown,Pulau Tikus,https://www.propertyguru.com.my/property-listing/new-bungalow-in-pulau-tikus-for-sale-by-moses-chang-30881394
Penang,Georgetown,Pulau Tikus,https://www.propertyguru.com.my/property-listing/corner-ds-semi-detached-residence-in-taman-jesselton-now-for-sale-for-sale-by-serena-tan-29500031
Penang,Georgetown,Pulau Tikus,https://www.propertyguru.com.my/property-listing/moulmein-rise-for-sale-by-chew-sa-29917770
Penang,Georgetown,Pulau Tikus,https://www.propertyguru.com.my/property-listing/moulmein-rise-for-sale-by-chew-sa-29917842
Penang,Georgetown,Pulau Tikus,https://www.propertyguru.com.my/property-listing/moulmein-rise-for-sale-by-chew-sa-31559448
Penang,Georgetown,Pulau Tikus,https://www.propertyguru.com.my/property-listing/moulmein-rise-for-sale-by-chew-sa-31559401
Penang,Georgetown,Pulau Tikus,https://www.propertyguru.com.my/property-listing/moulmein-rise-for-sale-by-chew-sa-31559483
Penang,Georgetown,Pulau Tikus,https://www.propertyguru.com.my/property-listing/bellisa-court-for-sale-by-chew-sa-29774217
Penang,Georgetown,Pulau Tikus,https://www.propertyguru.com.my/property-listing/3-storey-bungalow-pulau-tikus-rose-avenue-lebuhraya-rose-for-sale-by-max-ng-33315998
Penang,Georgetown,Pulau Tikus,https://www.propertyguru.com.my/property-listing/2-storey-terrace-pulau-tikus-for-sale-by-adrian-choo-30771793
Penang,Georgetown,Pulau Tikus,https://www.propertyguru.com.my/property-listing/bellisa-court-for-sale-by-kk-kwok-30868671
Penang,Georgetown,Pulau Tikus,https://www.propertyguru.com.my/property-listing/taman-air-rajah-semi-d-for-sale-by-eugene-tung-28963831
Penang,Georgetown,Pulau Tikus,https://www.propertyguru.com.my/property-listing/11-brook-residence-for-sale-by-eugene-tung-22186847
Penang,Georgetown,Pulau Tikus,https://www.propertyguru.com.my/property-listing/indah-ria-for-sale-by-khoo-25352372
Penang,Georgetown,Pulau Tikus,https://www.propertyguru.com.my/property-listing/pulau-tikus-lim-cheng-teik-near-gurney-for-sale-by-annie-oung-30865194
Penang,Georgetown,Pulau Tikus,https://www.propertyguru.com.my/property-listing/western-garden-pulau-tikus-barat-for-sale-by-annie-oung-5019143
Penang,Georgetown,Pulau Tikus,https://www.propertyguru.com.my/property-listing/moulmein-rise-for-sale-by-paul-lim-31040051
Penang,Georgetown,Pulau Tikus,https://www.propertyguru.com.my/property-listing/moulmein-rise-for-sale-by-paul-lim-31040128
Penang,Georgetown,Pulau Tikus,https://www.propertyguru.com.my/property-listing/moulmein-rise-for-sale-by-paul-lim-31040097
Penang,Georgetown,Pulau Tikus,https://www.propertyguru.com.my/property-listing/moulmein-rise-for-sale-by-paul-lim-31665554
Penang,Georgetown,Pulau Tikus,https://www.propertyguru.com.my/property-listing/moulmein-rise-for-sale-by-paul-lim-31665501
Penang,Georgetown,Pulau Tikus,https://www.propertyguru.com.my/property-listing/moulmein-rise-for-sale-by-paul-lim-31665480
Penang,Georgetown,Pulau Tikus,https://www.propertyguru.com.my/property-listing/moulmein-rise-for-sale-by-paul-lim-31665534
Penang,Georgetown,Pulau Tikus,https://www.propertyguru.com.my/property-listing/moulmein-rise-for-sale-by-paul-lim-31040138
Penang,Georgetown,Pulau Tikus,https://www.propertyguru.com.my/property-listing/moulmein-rise-for-sale-by-paul-lim-31665216
Penang,Georgetown,Pulau Tikus,https://www.propertyguru.com.my/property-listing/pulau-tikus-2-storey-terrace-corner-with-land-for-sale-rm2-0mil-for-sale-by-billy-ooi-33313502
